,Date,sentiment_score
0,2023-05-23,0.4
1,2023-05-23,0.0
2,2023-05-23,0.0
3,2023-05-23,0.0
4,2023-05-23,0.4
5,2023-05-23,0.0
6,2023-05-23,0.0
7,2023-05-23,0.0
8,2023-05-23,0.0
9,2023-05-23,0.0
10,2023-05-23,0.0
11,2023-05-23,0.0
12,2023-05-23,0.25
13,2023-05-23,0.0
14,2023-05-23,0.3
15,2023-05-23,0.0
16,2023-05-23,0.21818181818181817
17,2023-05-23,0.0
18,2023-05-23,0.13636363636363635
19,2023-05-23,0.0
20,2023-05-23,0.0
21,2023-05-23,-0.05
22,2023-05-23,0.13636363636363635
23,2023-05-23,0.5
24,2023-05-23,0.0
25,2023-05-23,0.0
26,2023-05-23,0.0
27,2023-05-23,0.5
28,2023-05-23,0.0
29,2023-05-23,0.0
30,2023-05-23,0.0
31,2023-05-23,0.6
32,2023-05-23,0.0
33,2023-05-23,-0.03181818181818183
34,2023-05-23,0.0
35,2023-05-23,0.0
36,2023-05-23,0.0
37,2023-05-23,0.5
38,2023-05-23,0.0
39,2023-05-23,0.0
40,2023-05-23,0.5
41,2023-05-23,0.25
42,2023-05-23,0.0
43,2023-05-23,0.0
44,2023-05-23,0.0
45,2023-05-23,0.4
46,2023-05-23,0.0
47,2023-05-23,0.0
48,2023-05-23,0.13636363636363635
49,2023-05-23,-0.15
50,2023-05-23,0.7
51,2023-05-23,0.0
52,2023-05-23,0.0
53,2023-05-22,0.0
54,2020-09-10,0.0
55,2023-05-22,0.65
56,2023-05-22,0.0
57,2023-05-22,0.4
58,2023-05-22,0.0
59,2023-05-22,0.9
60,2023-05-22,0.04545454545454545
61,2023-05-22,0.0
62,2023-05-22,-0.5
63,2023-05-22,0.04999999999999999
64,2023-05-22,0.0
65,2023-05-22,0.13636363636363635
66,2023-05-22,-0.2916666666666667
67,2023-05-22,0.5
68,2023-05-22,0.0
69,2023-05-22,0.0
70,2023-05-22,0.0
71,2023-05-22,0.0
72,2023-05-22,0.04999999999999999
73,2023-05-22,0.0
74,2023-05-22,0.0
75,2023-05-22,0.0222222222222222
76,2023-05-22,0.0
77,2023-05-22,0.0
78,2023-05-22,0.0
79,2023-05-22,0.3
80,2023-05-22,-0.0125
81,2023-05-22,0.7
82,2023-05-22,0.0
83,2023-05-22,0.7
84,2023-05-22,0.13636363636363635
85,2023-05-22,0.0
86,2023-05-22,0.0
87,2023-05-22,-0.25
88,2023-05-22,0.5
89,2023-05-22,-0.6
90,2023-05-22,0.0
91,2023-05-22,0.0
92,2023-05-22,0.0
93,2023-05-22,-0.3499999999999999
94,2023-05-21,0.3666666666666667
95,2023-05-21,0.5
96,2023-05-21,0.5
97,2023-05-21,0.2857142857142857
98,2023-05-21,0.1
99,2023-05-21,0.0
100,2023-05-21,0.0
101,2023-05-21,0.375
102,2023-05-21,0.0
103,2023-05-21,0.0
104,2023-05-21,0.225
105,2023-05-21,0.45
106,2023-05-21,0.0
107,2023-05-20,0.0
108,2023-05-20,0.0
109,2023-05-20,0.04999999999999999
110,2023-05-20,0.13636363636363635
111,2023-05-20,0.0
112,2023-05-20,0.0
113,2023-05-20,0.0
114,2023-05-19,0.14285714285714285
115,2023-05-19,0.0
116,2023-05-19,0.3
117,2023-05-19,0.0
118,2023-05-19,0.0
119,2023-05-19,-1.0
120,2023-05-19,0.4
121,2023-05-19,0.0
122,2023-05-19,0.25
123,2023-05-19,0.0
124,2023-05-19,0.0
125,2023-05-19,0.0
126,2023-05-19,0.0
127,2023-05-19,-0.125
128,2023-05-19,-0.22361111111111115
129,2023-05-19,0.0
130,2023-05-19,0.0
131,2023-05-19,0.0
132,2023-05-19,0.0
133,2023-05-19,0.45
134,2023-05-19,0.0
135,2023-05-19,0.0
136,2023-05-19,0.0
137,2023-05-19,-0.3
138,2023-05-19,0.3
139,2023-05-19,0.0
140,2023-05-19,0.25
141,2023-04-24,0.0
142,2023-04-24,0.2
143,2023-04-24,0.0
144,2023-04-24,0.0
145,2023-04-24,0.0
146,2023-04-24,0.0
147,2023-04-24,0.5
148,2023-04-24,0.0
149,2023-04-24,-0.125
150,2023-04-24,0.1
151,2023-04-24,0.0
152,2023-04-24,0.5
153,2023-04-24,0.25
154,2023-04-24,0.0
155,2023-04-24,0.0
156,2023-04-24,0.4
157,2023-04-24,0.0
158,2023-04-24,0.2
159,2023-04-23,0.0
160,2023-04-23,0.0
161,2023-04-23,0.0
162,2023-04-23,0.0
163,2023-04-23,0.0
164,2023-04-22,0.2
165,2023-04-22,0.037500000000000006
166,2023-04-22,0.06818181818181818
167,2023-04-22,0.5
168,2023-04-22,0.2857142857142857
169,2023-04-22,0.0
170,2023-04-22,0.0
171,2023-04-21,0.0
172,2023-04-21,0.5
173,2023-04-21,0.0
174,2023-04-21,-0.5
175,2023-04-21,0.0
176,2023-04-21,-0.2
177,2023-04-21,0.25
178,2023-04-21,0.0
179,2023-04-21,-0.15555555555555559
180,2023-04-21,-0.005555555555555559
181,2023-04-21,0.25
182,2023-04-21,-0.1
183,2023-04-21,-0.6999999999999998
184,2023-04-21,0.0
185,2023-04-21,-0.05
186,2023-04-21,0.0
187,2023-04-21,0.0
188,2023-04-21,0.0
189,2023-04-21,0.0
190,2023-04-21,0.0
191,2023-04-21,0.0
192,2023-04-21,-0.12626262626262627
193,2023-04-20,0.17532467532467533
194,2023-04-20,0.0
195,2023-04-20,0.0
196,2023-04-20,0.0
197,2023-04-20,0.0
198,2023-04-20,0.5
199,2023-04-20,0.0
200,2023-04-20,0.0
201,2023-04-20,0.0
202,2023-04-20,0.0
203,2023-04-20,0.0
204,2023-04-20,0.4
205,2023-04-20,0.0
206,2023-04-20,0.0
207,2023-04-20,0.0
208,2023-04-20,0.16
209,2023-04-20,0.5
210,2023-04-20,0.0
211,2023-04-20,0.1
212,2023-04-20,0.3
213,2023-04-20,0.0
214,2023-04-20,-0.3
215,2023-04-20,0.35
216,2023-04-19,0.0
217,2023-04-19,0.0
218,2023-04-19,0.0
219,2023-04-19,-0.2
220,2023-04-19,0.5
221,2023-04-19,0.0
222,2023-04-19,-0.26666666666666666
223,2023-04-19,0.0
224,2023-04-18,0.37878787878787873
225,2023-04-18,0.0
226,2023-04-18,0.4
227,2023-04-18,0.0
228,2023-04-18,0.125
229,2023-04-18,0.25
230,2023-04-18,0.25
231,2023-04-18,0.25
232,2023-04-18,0.0
233,2023-04-18,0.0
234,2023-04-18,0.25
235,2023-04-18,0.2375
236,2023-04-18,0.1
237,2023-04-18,0.125
238,2023-03-25,-0.1875
239,2023-03-25,0.0
240,2023-03-25,0.0
241,2023-03-25,0.0
242,2023-03-25,0.0
243,2023-03-25,0.0
244,2023-03-25,0.30714285714285716
245,2023-03-25,-0.05
246,2023-03-25,0.0
247,2023-03-24,0.0
248,2023-03-24,-0.15
249,2023-03-24,0.2
250,2023-03-24,-0.15000000000000002
251,2023-03-24,0.025000000000000005
252,2023-03-24,-0.1277777777777778
253,2023-03-24,0.0
254,2023-03-24,0.0
255,2023-03-24,0.0
256,2023-03-24,0.5
257,2023-03-24,0.5
258,2023-03-24,-0.125
259,2023-03-23,0.0
260,2023-03-23,0.0
261,2023-03-23,-0.04583333333333334
262,2023-03-23,0.25
263,2023-03-23,0.0
264,2023-03-23,0.5
265,2023-03-23,1.0
266,2023-03-23,0.0
267,2023-03-23,0.0
268,2023-03-23,0.0
269,2023-03-23,0.0
270,2023-03-23,0.0
271,2023-03-23,0.0
272,2023-03-23,0.2857142857142857
273,2023-03-23,0.5
274,2023-03-23,-0.5
275,2023-03-23,0.0
276,2023-03-23,0.3
277,2023-03-23,0.0
278,2023-03-23,0.2857142857142857
279,2023-03-23,0.024999999999999994
280,2023-03-22,0.0
281,2023-03-22,0.09375
282,2023-03-22,-0.025568181818181823
283,2023-03-22,0.0
284,2023-03-22,0.2857142857142857
285,2023-03-22,-0.15555555555555559
286,2023-03-22,0.1
287,2023-03-22,0.0
288,2023-03-22,0.0
289,2023-03-22,0.0
290,2023-03-22,0.0
291,2023-03-22,0.8
292,2023-03-22,0.0
293,2023-03-22,0.0
294,2023-03-22,0.03125
295,2023-03-22,0.0
296,2023-03-22,0.0
297,2023-03-22,0.625
298,2023-03-22,0.0
299,2023-03-22,-0.2916666666666667
300,2023-03-21,0.0
301,2023-03-21,0.0
302,2023-03-21,0.0625
303,2023-03-21,0.25
304,2023-03-21,0.0
305,2023-03-21,0.0
306,2023-03-21,0.0
307,2023-03-21,0.0
308,2023-03-21,0.0
309,2023-03-21,0.0
310,2023-03-21,0.3333333333333333
311,2023-03-21,0.39999999999999997
312,2023-03-21,-0.16666666666666666
313,2023-03-21,0.0
314,2023-03-21,0.0
315,2023-03-21,0.0
316,2023-03-21,0.0
317,2023-03-21,0.0
318,2023-03-21,0.0
319,2023-03-21,0.2
320,2023-03-21,0.0
321,2023-03-21,0.25
322,2023-03-21,0.0
323,2023-03-21,0.0
324,2023-03-21,0.5633333333333334
325,2023-03-21,0.0
326,2023-03-21,0.2
327,2023-03-20,0.0
328,2023-03-20,0.41818181818181815
329,2023-03-20,0.4333333333333333
330,2023-03-20,-0.075
331,2023-03-20,0.0
332,2023-03-20,0.25
333,2023-03-20,0.0
334,2023-03-20,0.13636363636363635
335,2023-03-20,0.0
336,2023-03-19,0.2857142857142857
337,2023-03-19,0.5
338,2023-03-19,-0.125
339,2023-03-19,0.09999999999999999
340,2023-03-19,0.5
341,2023-03-19,0.225
342,2023-03-19,0.4
343,2023-03-18,0.0
344,2023-03-18,0.35
345,2023-03-18,0.06818181818181818
346,2023-03-18,0.0
347,2023-03-18,-0.6
348,2023-03-18,0.0
349,2023-03-18,-0.1
350,2023-03-17,0.0
351,2023-03-17,0.5
352,2023-03-17,1.0
353,2023-03-17,0.1
354,2023-03-17,0.35
355,2023-03-17,0.0
356,2023-03-17,0.0
357,2023-03-17,0.0
358,2023-03-17,-0.25
359,2023-03-17,0.0
360,2023-03-17,0.0
361,2023-03-17,0.5
362,2023-03-17,0.5
363,2023-03-17,-0.125
364,2023-03-17,0.0
365,2023-03-17,0.0
366,2023-03-17,0.0
367,2023-03-17,0.0
368,2023-03-17,0.13636363636363635
369,2023-03-16,0.0
370,2023-03-16,0.13636363636363635
371,2023-03-16,0.0
372,2023-03-16,0.0
373,2023-03-16,0.0
374,2023-03-16,0.0
375,2023-03-16,-0.25
376,2023-03-16,0.375
377,2023-03-16,0.0
378,2023-03-16,0.0
379,2023-03-16,0.2
380,2023-03-16,0.0
381,2023-03-16,0.25
382,2023-03-16,0.15
383,2023-03-16,0.0
384,2023-03-16,0.2857142857142857
385,2023-03-16,0.0
386,2023-03-16,0.0
387,2023-03-16,0.2619047619047619
388,2023-02-23,0.0
389,2023-02-23,0.16
390,2023-02-23,0.0
391,2023-02-23,0.0
392,2023-02-23,0.06818181818181818
393,2023-02-23,0.0
394,2023-02-23,0.3096153846153846
395,2023-02-23,-0.4
396,2023-02-23,0.5
397,2023-02-23,0.27499999999999997
398,2023-02-23,0.0
399,2023-02-23,0.0
400,2023-02-23,0.0
401,2023-02-23,0.0
402,2023-02-23,0.55
403,2023-02-23,0.0
404,2023-02-23,0.0
405,2023-02-23,0.0
406,2023-02-23,0.0
407,2023-02-23,0.0
408,2023-02-23,0.0
409,2023-02-23,-0.225
410,2023-02-23,0.0
411,2023-02-22,0.0625
412,2023-02-22,0.0
413,2023-02-22,0.0
414,2023-02-22,0.0
415,2023-02-22,0.13636363636363635
416,2023-02-22,0.5
417,2023-02-22,0.0
418,2023-02-22,0.25
419,2023-02-22,0.0
420,2023-02-22,0.0
421,2023-02-22,-0.16111111111111112
422,2023-02-22,0.4333333333333333
423,2023-02-22,0.0
424,2023-02-22,0.0
425,2023-02-22,0.0
426,2023-02-22,0.0
427,2023-02-22,0.14285714285714285
428,2023-02-22,0.3
429,2023-02-22,0.55
430,2023-02-22,0.0
431,2023-02-22,0.0
432,2023-02-21,-0.15000000000000002
433,2023-02-21,0.0
434,2023-02-21,0.0
435,2023-02-21,0.0
436,2023-02-21,0.29666666666666663
437,2023-02-21,0.0
438,2023-02-21,0.0
439,2023-02-21,0.5
440,2023-02-21,0.0
441,2023-02-21,-0.19583333333333336
442,2023-02-21,0.03333333333333333
443,2023-02-21,0.45
444,2023-02-21,0.0
445,2023-02-21,-0.13181818181818183
446,2023-02-21,0.2
447,2023-02-20,0.0
448,2022-07-20,1.0
449,2023-02-20,0.0
450,2023-02-20,0.0
451,2023-02-20,0.25
452,2023-02-20,-0.5
453,2023-02-20,0.0
454,2023-02-19,0.0
455,2023-02-19,0.0
456,2023-02-19,0.0
457,2023-02-19,0.0
458,2023-02-19,1.0
459,2023-02-19,0.0
460,2023-02-19,0.0
461,2023-02-19,0.75
462,2023-02-19,0.0
463,2023-02-19,0.5
464,2023-02-19,0.5
465,2023-02-18,1.0
466,2023-02-18,0.0
467,2023-02-18,-0.125
468,2023-02-18,0.30000000000000004
469,2023-02-18,0.0
470,2023-02-18,0.5
471,2023-02-18,0.3333333333333333
472,2023-02-18,0.0
473,2023-02-17,0.0
474,2023-02-17,0.0
475,2023-02-17,0.0
476,2023-02-17,0.25
477,2023-02-17,0.0
478,2023-02-17,0.07499999999999998
479,2023-02-17,0.0
480,2023-02-17,-0.14848484848484847
481,2023-02-17,0.0
482,2023-02-17,0.13636363636363635
483,2023-02-17,0.0
484,2023-02-17,0.5
485,2023-02-17,0.1
486,2023-02-17,-0.3
487,2023-02-17,0.0
488,2023-02-17,0.31666666666666665
489,2023-02-17,0.5
490,2023-02-17,0.2
491,2023-02-17,0.0
492,2023-02-17,0.0
493,2023-02-17,0.6
494,2023-02-17,0.0
495,2023-02-16,0.06818181818181818
496,2023-02-16,0.5
497,2023-02-16,0.0
498,2023-02-16,0.0
499,2023-02-16,0.0
500,2023-02-16,0.0
501,2023-02-16,0.13636363636363635
502,2023-02-16,0.0
503,2023-02-16,0.0
504,2023-02-16,0.0
505,2023-02-16,-0.10714285714285715
506,2023-02-16,0.25
507,2023-02-15,0.0
508,2023-02-15,0.0
509,2023-02-15,0.0
510,2023-02-15,0.0
511,2023-02-15,0.0
512,2023-02-15,0.0
513,2023-02-15,0.0
514,2023-02-15,0.0
515,2023-02-15,-0.05
516,2023-02-15,0.0
517,2023-02-15,-0.1
518,2023-02-15,0.0
519,2023-02-15,0.5
520,2023-02-15,0.1
521,2023-02-15,0.10000000000000002
522,2023-02-15,0.1
523,2023-02-15,0.0
524,2023-02-15,0.0
525,2023-02-15,0.13636363636363635
526,2023-02-15,0.0
527,2023-01-24,0.0
528,2023-01-24,0.0
529,2023-01-24,0.0
530,2023-01-24,-0.15555555555555559
531,2023-01-24,-0.16666666666666666
532,2023-01-24,0.4333333333333333
533,2023-01-24,0.55
534,2023-01-24,0.13636363636363635
535,2023-01-24,0.0
536,2023-01-24,0.0
537,2023-01-24,0.15
538,2023-01-24,0.0
539,2023-01-24,-0.4
540,2023-01-24,0.0
541,2023-01-23,0.0
542,2023-01-23,1.0
543,2023-01-23,0.13636363636363635
544,2023-01-23,0.0
545,2023-01-23,0.13636363636363635
546,2023-01-23,-0.05
547,2023-01-23,0.0
548,2023-01-23,-0.4
549,2023-01-23,0.5
550,2023-01-23,0.0
551,2023-01-23,0.0
552,2023-01-23,0.0
553,2023-01-23,0.0
554,2023-01-23,0.0
555,2023-01-23,0.0
556,2023-01-23,0.0
557,2023-01-23,0.0
558,2023-01-23,0.0
559,2023-01-23,0.1
560,2023-01-23,-0.3
561,2023-01-23,0.0
562,2023-01-23,0.0
563,2023-01-23,0.3
564,2023-01-23,0.0
565,2023-01-23,0.0
566,2023-01-23,-0.8
567,2023-01-23,0.0
568,2023-01-23,0.0
569,2023-01-23,0.0
570,2023-01-23,0.0
571,2023-01-23,0.0
572,2023-01-23,0.0
573,2023-01-23,0.0
574,2023-01-22,0.0
575,2023-01-22,0.0
576,2023-01-22,0.0
577,2023-01-22,0.09999999999999998
578,2023-01-22,0.13636363636363635
579,2023-01-22,-0.15555555555555559
580,2023-01-22,0.0
581,2023-01-22,0.21428571428571427
582,2023-01-22,0.0
583,2023-01-21,0.16
584,2023-01-21,0.0
585,2023-01-21,0.0
586,2023-01-21,0.5
587,2023-01-21,0.0
588,2023-01-21,-0.6
589,2023-01-21,0.0
590,2023-01-21,-0.15555555555555559
591,2023-01-21,-0.05
592,2023-01-21,0.3181818181818182
593,2023-01-21,0.0
594,2023-01-20,0.0
595,2023-01-20,0.06666666666666668
596,2023-01-20,0.0
597,2023-01-20,0.0
598,2023-01-20,-0.3
599,2023-01-20,0.3
600,2023-01-20,0.0
601,2023-01-20,0.0
602,2023-01-20,0.0
603,2023-01-20,0.4000000000000001
604,2023-01-20,0.0
605,2023-01-20,0.0
606,2023-01-20,0.5
607,2023-01-20,0.0
608,2023-01-20,0.0
609,2023-01-20,0.0
610,2023-01-20,0.21428571428571427
611,2023-01-20,0.0
612,2023-01-20,-0.4
613,2023-01-20,0.0
614,2023-01-19,0.0
615,2023-01-19,0.0
616,2023-01-19,0.36818181818181817
617,2023-01-19,0.0
618,2023-01-19,0.0022222222222222088
619,2023-01-19,0.0
620,2023-01-19,1.0
621,2023-01-19,0.13636363636363635
622,2023-01-19,0.0
623,2023-01-19,0.17222222222222222
624,2023-01-19,0.0
625,2023-01-19,0.0
626,2023-01-19,1.0
627,2023-01-19,0.0
628,2023-01-19,0.2
629,2023-01-19,0.3
630,2023-01-19,0.5
631,2023-01-19,0.35
632,2023-01-19,0.5
633,2023-01-18,0.0
634,2023-01-18,-0.2
635,2023-01-18,0.8
636,2023-01-18,0.0
637,2023-01-18,0.0
638,2023-01-18,0.0
639,2023-01-18,-0.3
640,2023-01-18,0.25
641,2023-01-18,0.2
642,2023-01-18,0.0
643,2023-01-18,0.6
644,2023-01-18,0.13636363636363635
645,2023-01-18,0.0625
646,2023-01-18,0.0
647,2023-01-18,0.0
648,2023-01-18,0.0
649,2023-01-18,0.0
650,2023-01-18,-0.6999999999999998
651,2023-01-18,0.0
652,2023-01-18,0.0
653,2023-01-18,0.0
654,2023-01-18,0.10714285714285714
655,2023-01-18,0.0
656,2023-01-18,0.05
657,2023-01-18,0.08766233766233766
658,2023-01-18,0.05
659,2023-01-18,0.31666666666666665
660,2023-01-18,0.0
661,2023-01-18,0.0
662,2023-01-18,0.0
663,2023-01-18,0.0
664,2023-01-18,0.0625
665,2023-01-18,0.4666666666666667
666,2023-01-18,0.33
667,2023-01-18,0.0
668,2023-01-18,0.0
669,2023-01-18,-1.0
670,2023-01-18,0.4
671,2023-01-18,0.13636363636363635
672,2023-01-18,0.1
673,2023-01-18,-0.09999999999999992
674,2023-01-18,0.30875
675,2023-01-18,0.5
676,2023-01-18,0.15625
677,2023-01-18,0.0
678,2023-01-18,0.0
679,2023-01-18,0.0
680,2023-01-18,0.0
681,2023-01-18,0.0
682,2023-01-18,0.0
683,2023-01-18,0.0
684,2023-01-17,0.0
685,2023-01-17,0.0
686,2023-01-17,0.0
687,2023-01-17,0.0
688,2023-01-17,0.0
689,2023-01-17,0.13636363636363635
690,2023-01-17,0.3181818181818182
691,2023-01-17,0.0
692,2023-01-17,0.21818181818181817
693,2023-01-17,0.0
694,2023-01-17,-0.08806818181818182
695,2023-01-17,0.0
696,2023-01-17,1.0
697,2023-01-17,0.3
698,2023-01-17,0.0
699,2023-01-17,0.0
700,2023-01-17,0.3
701,2023-01-17,0.13636363636363635
702,2023-01-17,0.0
703,2023-01-17,0.13636363636363635
704,2023-01-17,0.0
705,2023-01-17,0.5
706,2023-01-17,0.6
707,2023-01-17,0.0
708,2023-01-17,0.13636363636363635
709,2023-01-17,0.03295454545454545
710,2023-01-17,0.13636363636363635
711,2023-01-17,-0.3333333333333333
712,2023-01-17,0.21818181818181817
713,2023-01-17,0.21818181818181817
714,2023-01-17,0.0
715,2023-01-17,0.0
716,2023-01-17,0.0
717,2023-01-17,0.0
718,2023-01-17,-0.6
719,2023-01-17,0.0
720,2023-01-17,0.2
721,2023-01-17,0.13636363636363635
722,2023-01-17,0.0
723,2023-01-17,0.0
724,2023-01-17,0.0
725,2023-01-17,0.0
726,2023-01-17,0.5
727,2023-01-16,0.0
728,2023-01-16,0.0
729,2023-01-16,0.3
730,2023-01-16,0.5
731,2023-01-16,0.225
732,2023-01-16,0.0
733,2023-01-16,0.0
734,2023-01-16,0.0
735,2023-01-16,0.0
736,2023-01-15,0.0
737,2023-01-15,0.125
738,2023-01-15,0.5
739,2023-01-15,0.0
740,2023-01-15,0.34285714285714286
741,2023-01-15,0.0
742,2023-01-15,-0.19444444444444445
743,2023-01-15,0.0
744,2023-01-15,0.0
745,2023-01-15,0.0
746,2023-01-14,-0.16666666666666666
747,2023-01-14,0.07878787878787878
748,2023-01-14,0.0
749,2023-01-14,0.14285714285714285
750,2023-01-14,0.0
751,2023-01-14,0.225
752,2023-01-14,0.0
753,2023-01-14,0.3166666666666667
754,2023-01-14,0.0
755,2023-01-14,0.0
756,2022-12-25,0.45
757,2022-12-25,0.0
758,2022-12-25,0.5
759,2022-12-25,-0.125
760,2022-12-25,0.0
761,2022-12-25,0.5
762,2022-12-25,-0.08000000000000002
763,2022-12-25,0.0
764,2022-12-24,0.5
765,2022-12-24,0.0
766,2022-12-24,0.0
767,2022-12-24,-0.3888888888888889
768,2022-12-24,0.0
769,2022-12-23,-0.05
770,2022-12-23,0.15
771,2022-12-23,0.0
772,2022-12-23,0.0
773,2022-12-23,-0.07777777777777779
774,2022-12-23,0.3
775,2022-12-23,0.0
776,2022-12-23,0.4
777,2022-12-23,0.0
778,2022-12-23,0.65
779,2022-12-23,0.21428571428571427
780,2022-12-23,0.5
781,2022-12-23,0.0
782,2022-12-23,-0.1
783,2022-12-23,0.5
784,2022-12-23,0.0
785,2022-12-23,0.06818181818181818
786,2022-12-23,0.4
787,2022-12-23,0.0
788,2022-12-23,0.0
789,2022-12-23,0.033333333333333326
790,2022-12-23,-0.25
791,2022-12-23,-0.36666666666666664
792,2022-12-23,0.3
793,2022-12-23,0.25
794,2022-12-23,0.0
795,2022-12-23,0.0
796,2022-12-23,0.0
797,2022-12-22,0.0
798,2022-12-22,-0.5
799,2022-12-22,0.3
800,2022-12-22,0.0
801,2022-12-22,0.4
802,2022-12-22,0.0
803,2022-12-22,0.42857142857142855
804,2022-12-22,0.0
805,2022-12-22,0.0
806,2022-12-22,0.08333333333333333
807,2022-12-22,0.0
808,2022-12-22,0.0
809,2022-12-22,0.0
810,2022-12-22,0.0
811,2022-12-22,0.0
812,2022-12-22,0.0
813,2022-12-22,0.0
814,2022-12-22,0.0
815,2022-12-22,0.0
816,2022-12-22,0.0
817,2022-12-22,-0.21851851851851853
818,2022-12-22,0.0
819,2022-12-22,0.2814814814814815
820,2022-12-22,0.16666666666666666
821,2022-12-22,0.0
822,2022-12-22,0.0
823,2022-12-22,0.0
824,2022-12-22,0.0
825,2022-12-22,0.0
826,2022-12-22,0.8
827,2022-12-22,0.0
828,2022-12-22,0.0
829,2022-12-21,0.0
830,2022-12-21,0.25
831,2022-12-21,0.0
832,2022-12-21,0.0
833,2022-12-21,0.0
834,2022-12-21,0.28125
835,2022-12-21,0.0
836,2021-10-29,0.0
837,2022-12-21,-0.15000000000000002
838,2022-12-21,0.25
839,2022-12-21,0.0
840,2022-12-21,0.4333333333333333
841,2022-12-21,0.2
842,2022-12-21,0.5
843,2022-12-21,0.06818181818181818
844,2022-12-21,0.0
845,2022-12-21,0.0
846,2022-12-21,0.4
847,2022-12-21,0.10833333333333335
848,2022-12-21,1.0
849,2022-12-21,0.7
850,2022-12-21,0.0
851,2022-12-21,-0.25
852,2022-12-21,-0.3
853,2022-12-21,0.3
854,2022-12-21,0.5
855,2022-12-20,-0.1
856,2022-12-20,0.0
857,2022-12-20,-0.1
858,2022-12-20,0.0
859,2022-12-20,-0.4
860,2022-12-20,0.0
861,2022-12-20,0.0
862,2022-12-20,0.0
863,2022-12-20,0.6428571428571428
864,2022-12-20,0.0
865,2022-12-20,0.5
866,2022-12-20,0.25
867,2022-12-20,0.5
868,2022-12-20,0.4166666666666667
869,2022-12-20,0.25
870,2022-12-20,0.0
871,2022-12-20,0.0
872,2022-12-20,0.0
873,2022-12-20,-0.07777777777777779
874,2022-12-20,0.0
875,2022-12-20,0.0
876,2022-12-20,0.4166666666666667
877,2022-12-20,0.0
878,2022-12-20,0.0
879,2022-12-20,0.4
880,2022-12-20,0.16666666666666669
881,2022-12-20,0.0
882,2022-12-19,0.06818181818181818
883,2022-12-19,0.0
884,2022-12-19,-0.5
885,2022-12-19,0.16
886,2022-12-19,-0.15625
887,2022-12-19,0.2857142857142857
888,2022-12-19,-0.5
889,2022-12-19,0.0
890,2022-12-19,0.0
891,2022-12-19,0.0
892,2022-12-19,0.0
893,2022-12-19,0.0
894,2022-12-19,0.0
895,2022-12-19,0.0
896,2022-12-19,0.0
897,2022-12-19,-0.2
898,2022-12-19,0.0
899,2022-12-19,-0.6999999999999998
900,2022-12-19,1.0
901,2022-12-19,0.5
902,2022-12-19,0.0
903,2022-12-19,-0.15555555555555559
904,2022-12-19,-0.1
905,2022-12-19,0.0
906,2022-12-19,0.0
907,2022-12-18,0.0
908,2022-12-18,-0.125
909,2022-12-18,0.06818181818181818
910,2022-12-18,0.0
911,2022-12-18,0.39285714285714285
912,2022-12-18,0.2857142857142857
913,2022-12-18,0.0
914,2022-12-18,0.0
915,2022-12-18,0.0
916,2022-12-17,0.4
917,2022-12-17,0.5
918,2022-12-17,0.0
919,2022-12-17,0.0
920,2022-12-17,0.0
921,2022-12-17,0.1952380952380952
922,2022-12-17,0.0
923,2022-12-17,0.0
924,2022-12-17,0.0
925,2022-12-16,-0.2
926,2022-12-16,0.0
927,2022-12-16,0.0
928,2022-12-16,0.13636363636363635
929,2022-12-16,0.0
930,2022-12-16,0.0
931,2022-12-16,0.0
932,2022-12-16,0.4
933,2022-12-16,0.0
934,2022-12-16,0.0
935,2022-12-16,0.0
936,2022-12-16,0.275
937,2022-12-16,-0.5
938,2022-12-16,0.08333333333333333
939,2022-12-16,0.5
940,2022-12-16,0.0
941,2022-12-16,0.0
942,2022-12-16,0.0
943,2022-11-25,0.0
944,2022-11-25,0.2777777777777778
945,2022-11-25,0.13
946,2022-11-25,0.25
947,2022-11-25,0.0
948,2022-11-25,0.0
949,2022-11-25,0.09242424242424242
950,2022-11-25,0.0
951,2022-11-25,0.0
952,2022-11-25,-0.16111111111111112
953,2022-11-25,0.25
954,2022-11-25,0.0
955,2022-11-25,0.0
956,2022-11-25,0.5
957,2022-11-25,0.0
958,2022-11-25,-0.15
959,2022-11-25,0.0
960,2022-11-25,-0.0625
961,2022-11-25,0.4166666666666667
962,2022-11-25,0.305
963,2022-11-25,0.0
964,2022-11-25,0.0
965,2022-11-25,-0.08333333333333333
966,2022-11-25,-0.125
967,2022-11-25,0.0
968,2022-11-25,0.4444444444444445
969,2022-11-25,0.06818181818181818
970,2022-11-25,0.25
971,2022-11-25,0.5
972,2022-11-25,0.16666666666666666
973,2022-11-25,0.0
974,2022-11-25,0.0
975,2022-11-25,0.21212121212121213
976,2022-11-24,0.4
977,2022-11-24,0.0
978,2022-11-24,0.5
979,2022-11-24,-0.00833333333333336
980,2022-11-24,0.3
981,2022-11-24,0.1
982,2022-11-24,0.6428571428571429
983,2022-11-24,0.0
984,2022-11-24,0.0
985,2022-11-24,0.1
986,2022-11-24,0.0
987,2022-11-24,0.0
988,2022-11-24,0.5
989,2022-11-24,0.0
990,2022-11-24,0.0
991,2022-11-24,0.1
992,2022-11-24,0.0
993,2022-11-24,0.0
994,2022-11-24,0.16
995,2022-11-24,0.0
996,2022-11-24,-0.07777777777777779
997,2022-11-24,0.0
998,2022-11-23,0.0
999,2022-11-23,-0.8
1000,2022-11-23,0.0
1001,2022-11-23,0.13636363636363635
1002,2022-11-23,0.0
1003,2022-11-23,0.0
1004,2022-11-23,0.0
1005,2022-11-23,0.0
1006,2022-11-23,0.0
1007,2022-11-23,-0.0625
1008,2022-11-23,0.0
1009,2022-11-23,0.0
1010,2022-11-23,0.0
1011,2022-11-23,0.0
1012,2022-11-23,0.25
1013,2022-11-23,0.3166666666666667
1014,2022-11-23,1.0
1015,2022-11-23,0.0
1016,2022-11-23,0.0
1017,2022-11-23,-0.5
1018,2022-11-23,0.0625
1019,2022-11-23,0.0
1020,2022-11-23,0.0
1021,2022-11-23,0.0
1022,2022-11-23,0.0
1023,2022-11-23,-0.3166666666666667
1024,2022-11-23,0.16666666666666666
1025,2022-11-23,1.0
1026,2022-11-22,0.0
1027,2022-11-22,0.0
1028,2022-11-22,1.0
1029,2022-11-22,0.0
1030,2022-11-22,0.0
1031,2022-11-22,0.0
1032,2022-11-22,0.45
1033,2022-11-22,0.45
1034,2022-11-22,0.0
1035,2022-11-22,0.6
1036,2022-11-22,0.0
1037,2022-11-22,0.04545454545454545
1038,2022-11-22,0.0
1039,2022-11-22,0.5
1040,2022-11-22,0.0
1041,2022-11-22,0.5
1042,2022-11-22,0.0
1043,2022-11-22,0.0
1044,2022-11-22,0.0
1045,2022-11-22,0.0
1046,2022-11-22,0.0
1047,2022-11-22,0.0
1048,2022-11-22,0.0
1049,2022-11-22,0.0
1050,2022-11-22,0.0
1051,2022-11-22,0.0
1052,2022-11-22,-0.16666666666666666
1053,2022-11-22,0.0
1054,2022-11-21,0.5
1055,2022-11-21,0.0
1056,2022-11-21,0.0
1057,2022-11-21,0.0
1058,2022-11-21,0.0
1059,2022-11-21,0.5
1060,2022-11-21,0.3
1061,2022-11-21,0.0
1062,2022-11-21,0.0
1063,2022-11-21,0.0
1064,2022-11-21,0.0
1065,2022-11-21,0.0
1066,2022-11-21,0.0
1067,2022-11-21,0.7
1068,2022-11-21,0.0
1069,2022-11-21,0.0
1070,2022-11-21,0.0
1071,2022-11-21,0.2857142857142857
1072,2022-11-21,0.0
1073,2022-11-21,0.0
1074,2022-11-21,0.0
1075,2022-11-21,-0.2
1076,2022-11-21,0.5
1077,2022-11-21,-0.3888888888888889
1078,2022-11-20,-0.5
1079,2022-11-20,0.0
1080,2022-11-20,0.0
1081,2022-11-20,0.0
1082,2022-11-20,0.5
1083,2022-11-20,0.2
1084,2022-11-20,0.0
1085,2022-11-20,0.0
1086,2022-11-19,0.0
1087,2022-11-19,0.0
1088,2022-11-19,0.5
1089,2022-11-19,0.0
1090,2022-11-19,0.0
1091,2022-11-19,0.4
1092,2022-11-19,0.35
1093,2022-11-19,0.0
1094,2022-11-19,0.0
1095,2022-11-19,0.5
1096,2022-11-19,0.0
1097,2022-11-18,0.0
1098,2022-11-18,0.0
1099,2022-11-18,0.0
1100,2022-11-18,0.0
1101,2022-11-18,0.4166666666666667
1102,2022-11-18,0.0
1103,2022-11-18,0.5
1104,2022-11-18,0.0
1105,2022-11-18,0.0
1106,2022-11-18,0.0
1107,2022-11-18,0.5
1108,2022-11-18,0.5
1109,2022-11-18,0.5
1110,2022-11-18,0.0
1111,2022-11-18,0.0
1112,2022-11-18,0.0
1113,2022-11-18,0.0
1114,2022-11-18,0.13333333333333333
1115,2022-11-17,-0.3499999999999999
1116,2022-11-17,0.0
1117,2022-11-17,0.25
1118,2022-11-17,0.18500000000000003
1119,2022-11-17,0.0
1120,2022-11-17,0.3333333333333333
1121,2022-11-17,0.055
1122,2022-11-17,0.4
1123,2022-11-17,-0.075
1124,2022-11-17,0.0
1125,2022-11-17,0.0
1126,2022-11-17,0.0
1127,2022-11-17,0.0
1128,2022-11-17,0.0
1129,2022-11-17,0.0
1130,2022-11-17,-0.5
1131,2022-11-17,0.0
1132,2022-11-17,0.5
1133,2022-11-16,0.0
1134,2022-11-16,0.3
1135,2022-11-16,0.0
1136,2022-11-16,0.0
1137,2022-11-16,0.0
1138,2022-11-16,0.5
1139,2022-11-16,0.35
1140,2022-11-16,0.0
1141,2022-11-16,0.0
1142,2022-11-16,-0.075
1143,2022-11-16,0.0
1144,2022-11-16,0.0
1145,2022-11-16,0.0
1146,2022-11-16,0.225
1147,2022-11-16,0.0
1148,2022-11-16,-0.25
1149,2022-11-16,0.0
1150,2022-11-16,1.0
1151,2022-11-16,0.06818181818181818
1152,2022-11-16,-0.05000000000000001
1153,2022-11-16,0.15
1154,2022-11-16,0.3
1155,2022-11-16,0.0
1156,2022-11-16,0.0
1157,2022-11-16,0.0
1158,2022-11-16,-0.15
1159,2022-11-16,0.13636363636363635
1160,2022-11-16,0.4
1161,2022-11-16,0.25
1162,2022-11-16,-0.15
1163,2022-11-16,0.0
1164,2022-11-16,0.25
1165,2022-11-16,0.0
1166,2022-11-16,0.0
1167,2022-11-16,0.0
1168,2022-11-16,0.0
1169,2022-11-16,0.0
1170,2022-11-15,0.5
1171,2022-11-15,0.0
1172,2022-11-15,0.0
1173,2022-11-15,0.0
1174,2022-11-15,0.0
1175,2022-11-15,0.3958333333333333
1176,2022-11-15,0.0
1177,2022-11-15,0.0
1178,2022-11-15,0.0
1179,2022-10-26,-0.1
1180,2022-10-26,0.0
1181,2022-10-26,-0.375
1182,2022-10-26,0.3333333333333333
1183,2022-10-26,0.0
1184,2022-10-26,-0.2
1185,2022-10-26,0.0
1186,2022-10-26,0.0
1187,2022-10-26,0.5
1188,2022-10-26,0.0
1189,2022-10-26,0.0
1190,2022-10-26,0.0
1191,2022-10-26,0.5
1192,2022-10-26,0.0
1193,2022-10-26,0.0
1194,2022-10-26,0.22
1195,2022-10-26,0.0
1196,2022-10-26,0.4666666666666666
1197,2022-10-26,0.0
1198,2022-10-26,0.25
1199,2022-10-26,0.0
1200,2022-10-26,0.0
1201,2022-10-26,0.2857142857142857
1202,2022-10-26,0.0
1203,2022-10-26,0.0
1204,2022-10-26,0.0
1205,2022-10-26,0.0
1206,2022-10-26,0.0
1207,2022-10-26,0.0
1208,2022-10-26,0.0
1209,2022-10-26,0.0
1210,2022-10-26,0.0
1211,2022-10-25,0.0
1212,2022-10-25,0.0
1213,2022-10-25,0.0
1214,2022-10-25,0.0
1215,2022-10-25,0.0
1216,2022-10-25,0.0
1217,2022-10-25,0.0
1218,2022-10-25,0.0
1219,2022-10-25,0.0
1220,2022-10-25,0.0
1221,2022-10-25,0.0
1222,2022-10-25,-0.15555555555555559
1223,2022-10-25,0.0
1224,2022-10-25,0.0
1225,2022-10-25,0.0
1226,2022-10-25,0.0
1227,2022-10-25,0.0
1228,2022-10-25,0.0
1229,2022-10-25,-0.15555555555555559
1230,2022-10-25,0.11363636363636363
1231,2022-10-25,-0.6499999999999999
1232,2022-10-25,0.0
1233,2022-10-25,0.0
1234,2022-10-25,0.2515151515151515
1235,2022-10-25,0.0
1236,2022-10-25,0.15
1237,2022-10-25,0.3
1238,2022-10-25,0.43
1239,2022-10-25,-0.275
1240,2022-10-24,0.0
1241,2022-10-25,-0.07777777777777779
1242,2022-10-25,0.0
1243,2022-10-25,0.0
1244,2022-10-25,0.0
1245,2022-10-25,0.0
1246,2022-10-25,-0.275
1247,2022-10-25,0.0
1248,2022-10-25,-0.3125
1249,2022-10-25,0.0
1250,2022-10-25,0.4333333333333333
1251,2022-10-25,0.0
1252,2022-10-25,0.0
1253,2022-10-25,0.25
1254,2022-10-25,-0.2
1255,2022-10-25,0.16
1256,2022-10-25,0.13636363636363635
1257,2022-10-25,0.0
1258,2022-10-25,0.0
1259,2022-10-25,0.06818181818181818
1260,2022-10-25,0.0
1261,2022-10-25,0.0
1262,2022-10-24,0.25
1263,2022-10-24,0.0
1264,2022-10-24,0.0
1265,2022-10-24,0.0
1266,2022-10-24,-0.35
1267,2022-10-24,0.0
1268,2022-10-24,-0.3888888888888889
1269,2022-10-24,-0.14285714285714285
1270,2022-10-24,0.0
1271,2022-10-24,0.25
1272,2022-10-24,0.0
1273,2022-10-24,0.3431818181818182
1274,2022-10-24,0.2
1275,2022-10-24,0.0
1276,2022-10-24,0.0
1277,2022-10-24,0.0
1278,2022-10-24,0.0
1279,2022-10-24,0.0
1280,2022-10-24,0.0
1281,2022-10-24,0.0
1282,2022-10-24,0.0
1283,2022-10-24,0.0
1284,2022-10-24,0.0
1285,2022-10-24,0.2
1286,2022-10-24,0.0
1287,2022-10-24,0.0
1288,2022-10-24,0.3
1289,2022-10-24,0.0
1290,2022-10-21,0.0
1291,2022-10-24,0.0
1292,2022-10-24,0.0
1293,2022-10-24,0.03333333333333333
1294,2022-10-24,0.0
1295,2022-10-24,0.2866666666666667
1296,2022-10-24,0.0
1297,2022-10-24,0.0
1298,2022-10-24,-0.6
1299,2022-10-24,0.08
1300,2022-10-24,0.0
1301,2022-10-24,0.0
1302,2022-10-23,0.25
1303,2022-10-23,0.0
1304,2022-10-23,0.21666666666666665
1305,2022-10-22,0.0
1306,2022-10-22,0.0
1307,2022-10-22,0.0
1308,2022-10-22,0.0
1309,2022-10-22,0.0
1310,2022-10-22,-0.25
1311,2022-10-22,0.5
1312,2022-10-21,-0.008333333333333331
1313,2022-10-21,0.0
1314,2022-10-21,0.0
1315,2022-10-21,0.0
1316,2022-10-21,0.4
1317,2022-10-21,0.8
1318,2022-10-21,0.0
1319,2022-10-21,-0.3125
1320,2022-10-21,-0.15
1321,2022-10-21,0.10714285714285714
1322,2022-10-21,-0.4
1323,2022-10-21,-0.3
1324,2022-10-21,0.1
1325,2022-10-21,0.0
1326,2022-10-21,0.0
1327,2022-10-21,0.2
1328,2022-10-21,0.0
1329,2022-10-21,0.4333333333333333
1330,2022-10-21,0.0
1331,2022-10-21,0.0
1332,2022-10-21,0.0
1333,2022-10-21,0.0
1334,2022-10-21,0.0
1335,2022-10-21,0.0
1336,2022-10-21,0.0
1337,2022-10-21,0.0
1338,2022-10-21,0.0
1339,2022-10-21,0.0
1340,2022-10-21,0.0
1341,2022-10-21,1.0
1342,2022-10-21,-0.13333333333333333
1343,2022-10-21,-0.6999999999999998
1344,2022-10-21,0.5
1345,2022-10-21,-0.2
1346,2022-10-21,0.5
1347,2022-10-21,0.0
1348,2022-10-21,0.5
1349,2022-10-21,0.19999999999999998
1350,2022-10-21,0.0
1351,2022-10-21,0.0
1352,2022-10-21,-0.04583333333333334
1353,2022-10-21,-0.18181818181818182
1354,2022-10-21,0.15
1355,2022-10-21,0.15
1356,2022-10-21,0.0
1357,2022-10-21,0.0
1358,2022-10-20,0.1
1359,2022-10-20,0.6428571428571428
1360,2022-10-20,0.0
1361,2022-10-20,0.5
1362,2022-10-20,0.13636363636363635
1363,2022-10-20,-0.1
1364,2022-10-20,0.0
1365,2022-10-20,0.0
1366,2022-10-20,0.18333333333333335
1367,2022-10-20,0.06818181818181818
1368,2022-10-20,0.0
1369,2022-10-20,0.0
1370,2022-10-20,0.45357142857142857
1371,2022-10-20,-0.15555555555555559
1372,2022-10-20,0.0
1373,2022-10-20,0.5
1374,2022-10-20,0.0
1375,2022-10-20,0.4
1376,2022-10-20,0.0
1377,2022-09-26,0.0
1378,2022-09-26,0.0
1379,2022-09-26,0.0
1380,2022-09-26,0.5
1381,2022-09-26,-0.1
1382,2022-09-26,0.0
1383,2022-09-26,0.13636363636363635
1384,2022-09-26,0.0
1385,2022-09-26,0.5
1386,2022-09-26,0.0
1387,2022-09-26,0.0
1388,2022-09-26,0.0
1389,2022-09-26,0.0
1390,2022-09-26,0.0
1391,2022-09-26,0.0
1392,2022-09-26,-0.5
1393,2022-09-26,0.4375
1394,2022-09-26,0.5
1395,2022-09-26,-0.15555555555555559
1396,2022-09-26,0.0
1397,2022-09-26,0.0
1398,2022-09-26,0.0
1399,2022-09-26,0.5
1400,2022-09-26,0.0
1401,2022-09-26,0.0
1402,2022-09-26,0.0
1403,2022-09-26,0.0
1404,2022-09-26,0.0
1405,2022-09-26,-0.4
1406,2022-09-26,0.0
1407,2022-09-26,0.3
1408,2022-09-26,0.25
1409,2022-09-26,0.0
1410,2022-09-26,0.0
1411,2022-09-26,0.0
1412,2022-09-26,0.0
1413,2022-09-26,0.5
1414,2022-09-26,0.0
1415,2022-09-26,0.0
1416,2022-09-26,0.375
1417,2022-09-26,0.0
1418,2022-09-26,0.0
1419,2022-09-26,0.0
1420,2022-09-26,0.025
1421,2022-09-26,0.0
1422,2022-09-26,-0.006397306397306411
1423,2022-09-26,0.0
1424,2022-09-25,0.3333333333333333
1425,2022-09-25,0.0
1426,2022-09-25,0.5
1427,2022-09-25,0.0
1428,2022-09-25,0.4
1429,2022-09-25,0.0
1430,2022-09-25,0.0
1431,2022-09-25,0.0
1432,2022-09-24,0.0
1433,2022-09-24,0.0
1434,2022-09-24,0.0
1435,2022-09-24,0.8
1436,2022-09-24,0.4694444444444444
1437,2022-09-24,0.375
1438,2022-09-23,0.0
1439,2022-09-23,-0.2
1440,2022-09-23,0.23484848484848483
1441,2022-09-23,0.0
1442,2022-09-23,-0.15
1443,2022-09-23,0.0
1444,2022-09-23,0.0
1445,2022-09-23,0.3333333333333333
1446,2022-09-23,-0.3
1447,2022-09-23,0.0
1448,2022-09-23,0.1
1449,2022-09-23,1.0
1450,2022-09-23,-0.07272727272727272
1451,2022-09-23,0.0
1452,2022-09-23,-1.0
1453,2022-09-23,0.0
1454,2022-09-23,0.2857142857142857
1455,2022-09-23,0.3333333333333333
1456,2022-09-23,0.0
1457,2022-09-23,0.0
1458,2022-09-23,0.0
1459,2022-09-23,0.3333333333333333
1460,2022-09-23,0.0
1461,2022-09-23,0.3333333333333333
1462,2022-09-23,0.0
1463,2022-09-23,0.0
1464,2022-09-23,-0.5
1465,2022-09-23,0.4666666666666666
1466,2022-09-23,0.13636363636363635
1467,2022-09-23,0.0
1468,2022-09-23,0.0
1469,2022-09-23,0.0
1470,2022-09-23,0.0
1471,2022-09-23,0.0
1472,2022-09-23,0.4
1473,2022-09-23,0.0
1474,2022-09-23,0.0
1475,2022-09-23,-0.15555555555555559
1476,2022-09-23,0.3333333333333333
1477,2022-09-23,0.0
1478,2022-09-23,0.0
1479,2022-09-23,0.25
1480,2022-09-23,0.2
1481,2022-09-23,0.0
1482,2022-09-23,0.4
1483,2022-09-23,0.0
1484,2022-09-23,0.23484848484848483
1485,2022-09-23,0.3333333333333333
1486,2022-09-23,0.0
1487,2022-09-23,0.16666666666666666
1488,2022-09-23,0.0
1489,2022-09-23,0.25
1490,2022-09-23,0.0
1491,2022-09-23,0.0
1492,2022-09-23,0.06818181818181818
1493,2022-09-23,0.0
1494,2022-09-23,0.1
1495,2022-09-23,0.3333333333333333
1496,2022-09-23,0.0
1497,2022-09-23,0.3333333333333333
1498,2022-09-22,0.0
1499,2022-09-22,0.0
1500,2022-09-22,0.0
1501,2022-09-22,0.0
1502,2022-09-22,0.0
1503,2022-09-22,0.0
1504,2022-09-22,0.15625
1505,2022-09-22,0.0
1506,2022-09-22,0.0
1507,2022-09-22,0.5
1508,2022-09-22,-0.2916666666666667
1509,2022-09-22,0.0
1510,2022-09-22,0.7
1511,2022-09-22,0.0
1512,2022-09-22,0.27777777777777773
1513,2022-09-22,0.2
1514,2022-09-22,-0.03181818181818183
1515,2022-09-22,0.39285714285714285
1516,2022-09-22,0.2
1517,2022-09-22,0.0
1518,2022-09-22,0.7
1519,2022-09-22,0.4333333333333333
1520,2022-09-22,0.5
1521,2022-09-22,0.0
1522,2022-09-22,0.0
1523,2022-09-22,0.43333333333333335
1524,2022-09-22,0.4
1525,2022-09-22,0.6333333333333333
1526,2022-09-22,0.0
1527,2022-09-22,0.6
1528,2022-09-22,0.0
1529,2022-09-22,0.0
1530,2022-09-22,0.0
1531,2022-09-22,0.0
1532,2022-09-22,0.4
1533,2022-09-22,0.3007575757575758
1534,2022-09-22,0.0
1535,2022-09-22,0.0
1536,2022-09-22,0.25
1537,2022-09-22,0.0
1538,2022-09-22,0.0
1539,2022-09-22,0.0
1540,2022-09-22,0.2
1541,2022-09-22,0.0
1542,2022-09-22,0.0
1543,2022-09-21,0.0
1544,2022-09-21,0.6428571428571428
1545,2022-09-21,0.0
1546,2022-09-21,0.0
1547,2022-09-21,0.0
1548,2022-09-21,0.0
1549,2022-09-21,0.0
1550,2022-09-21,0.0
1551,2022-09-21,0.11666666666666667
1552,2022-09-21,0.1875
1553,2022-09-21,0.5
1554,2022-09-21,0.5
1555,2022-09-21,0.0
1556,2022-09-21,0.0
1557,2022-09-21,0.0
1558,2022-09-21,-0.6
1559,2022-09-21,0.225
1560,2022-09-21,0.0
1561,2022-09-21,0.5
1562,2022-09-21,0.85
1563,2022-09-21,0.375
1564,2022-09-21,0.0
1565,2022-09-21,-0.14444444444444446
1566,2022-09-21,0.0
1567,2022-09-21,-0.15555555555555559
1568,2022-09-21,-0.2
1569,2022-09-21,0.16666666666666666
1570,2022-09-21,0.0
1571,2022-09-21,0.0
1572,2022-09-21,0.3333333333333333
1573,2022-09-20,0.0
1574,2022-09-20,0.0
1575,2022-09-20,0.0
1576,2022-09-20,0.3
1577,2022-09-20,0.0
1578,2022-09-20,0.5
1579,2022-09-20,0.0
1580,2022-09-20,0.0
1581,2022-09-20,0.75
1582,2022-09-20,0.0
1583,2022-09-20,0.21666666666666665
1584,2022-09-20,0.5
1585,2022-09-20,0.13636363636363635
1586,2022-09-20,0.0
1587,2022-09-20,0.35
1588,2022-09-20,0.4333333333333333
1589,2022-09-20,0.0
1590,2022-09-20,0.0
1591,2022-09-20,0.0
1592,2022-09-20,0.0
1593,2022-09-20,-0.125
1594,2022-09-20,0.0
1595,2022-09-20,0.0
1596,2022-09-20,0.1
1597,2022-09-20,0.0
1598,2022-09-20,0.2
1599,2022-09-20,0.14285714285714285
1600,2022-09-20,0.0
1601,2022-08-26,0.0
1602,2022-08-27,-0.6999999999999998
1603,2022-08-27,0.0
1604,2022-08-27,0.05
1605,2022-08-27,0.2857142857142857
1606,2022-08-27,0.4
1607,2022-08-27,0.0
1608,2022-08-27,0.0
1609,2022-08-27,0.0
1610,2022-08-27,0.0
1611,2022-08-27,0.0
1612,2022-08-26,0.0
1613,2022-08-26,0.0
1614,2022-08-26,0.0
1615,2022-08-26,0.5
1616,2022-08-26,0.24545454545454545
1617,2022-08-26,0.0
1618,2022-08-26,0.0
1619,2022-08-26,0.0
1620,2022-08-26,0.0
1621,2022-08-26,0.05555555555555555
1622,2022-08-26,0.0
1623,2022-08-26,0.5
1624,2022-08-26,0.05
1625,2022-08-26,0.05
1626,2022-08-26,0.05
1627,2022-08-26,0.3181818181818182
1628,2022-08-26,0.0
1629,2022-08-26,-0.4666666666666666
1630,2022-08-26,0.0
1631,2022-08-26,0.05
1632,2022-08-26,0.25
1633,2022-08-26,0.0
1634,2022-08-26,-0.16666666666666666
1635,2022-08-26,0.0
1636,2022-08-26,0.0
1637,2022-08-26,0.0
1638,2022-08-26,-0.25
1639,2022-08-26,0.0
1640,2022-08-26,0.0
1641,2022-08-26,0.0
1642,2022-08-26,0.0
1643,2022-08-26,-0.13333333333333333
1644,2022-08-26,0.0
1645,2022-08-26,-0.125
1646,2022-08-26,0.0
1647,2022-08-26,0.16666666666666666
1648,2022-08-25,0.0
1649,2022-08-25,-0.8
1650,2022-08-25,0.0
1651,2022-08-25,1.0
1652,2022-08-25,0.4
1653,2022-08-25,-0.1
1654,2022-08-25,-0.25
1655,2022-08-25,0.0
1656,2022-08-25,0.25
1657,2022-08-25,0.0
1658,2022-08-25,0.08
1659,2022-08-25,0.21428571428571427
1660,2022-08-25,0.21103896103896103
1661,2022-08-25,0.0
1662,2022-08-25,0.25
1663,2022-08-25,0.5
1664,2022-08-25,1.0
1665,2022-08-25,0.0
1666,2022-08-25,0.0
1667,2022-08-25,-0.4
1668,2022-08-25,0.0
1669,2022-08-25,0.14285714285714285
1670,2022-08-25,0.2333333333333333
1671,2022-08-25,0.0
1672,2022-08-25,0.3181818181818182
1673,2022-08-25,0.5
1674,2022-08-24,0.1
1675,2022-08-24,0.3
1676,2022-08-24,0.58
1677,2022-08-24,0.0
1678,2022-08-24,0.13636363636363635
1679,2022-08-24,-0.4777777777777778
1680,2022-08-24,0.0
1681,2022-08-24,0.13636363636363635
1682,2022-08-24,0.11904761904761905
1683,2022-08-24,-0.13181818181818183
1684,2022-08-24,0.018181818181818174
1685,2022-08-24,0.13636363636363635
1686,2022-08-24,-0.1
1687,2022-08-24,0.13636363636363635
1688,2022-08-24,0.13636363636363635
1689,2022-08-24,0.0
1690,2022-08-24,0.0
1691,2022-08-24,0.0
1692,2022-08-24,0.0
1693,2022-08-24,0.0
1694,2022-08-24,-0.3125
1695,2022-08-24,0.0
1696,2022-08-24,0.13636363636363635
1697,2022-08-24,0.0
1698,2022-08-24,0.0
1699,2022-08-24,0.0
1700,2022-08-24,0.16
1701,2022-08-24,0.0
1702,2022-08-24,0.1
1703,2022-08-24,0.0
1704,2022-08-24,0.0
1705,2022-08-24,0.0
1706,2022-08-23,0.1
1707,2022-08-23,0.0
1708,2022-08-23,0.0
1709,2022-08-23,0.0
1710,2022-08-23,0.0
1711,2022-08-23,0.0
1712,2022-08-23,-0.25
1713,2022-08-23,0.14285714285714285
1714,2022-08-23,0.0
1715,2022-08-23,-0.25
1716,2022-08-23,0.5
1717,2022-08-23,0.0
1718,2022-08-23,0.21428571428571427
1719,2022-08-23,-0.5
1720,2022-08-23,0.0
1721,2022-08-23,0.13636363636363635
1722,2022-08-23,0.09999999999999999
1723,2022-08-23,0.2148148148148148
1724,2022-08-23,0.0
1725,2022-08-23,0.0
1726,2022-08-23,0.0
1727,2022-08-23,0.0
1728,2022-08-23,-0.3
1729,2022-08-23,0.0
1730,2022-08-23,0.0
1731,2022-08-23,-0.45
1732,2022-08-23,0.0
1733,2022-08-22,0.0
1734,2022-08-22,-0.25
1735,2022-08-22,-0.3
1736,2022-08-22,0.0
1737,2022-08-22,0.0
1738,2022-08-22,0.0
1739,2022-08-22,0.0
1740,2022-08-22,0.0
1741,2022-08-22,0.0
1742,2022-08-22,0.3
1743,2022-08-22,0.0
1744,2022-08-22,0.20833333333333334
1745,2022-08-22,0.0
1746,2022-08-22,0.0
1747,2022-08-22,0.0
1748,2022-08-22,0.0
1749,2022-08-22,0.0
1750,2022-08-22,0.0
1751,2022-08-22,0.0
1752,2022-08-22,0.0
1753,2022-08-22,0.0
1754,2022-08-22,0.0
1755,2022-08-22,0.21428571428571427
1756,2022-08-22,0.0
1757,2022-08-22,0.0
1758,2022-08-22,0.0
1759,2022-08-21,0.0
1760,2022-08-21,0.35714285714285715
1761,2022-08-21,-0.125
1762,2022-08-21,0.0
1763,2022-08-21,-0.05
1764,2022-08-21,0.25
1765,2022-08-21,0.2857142857142857
1766,2022-08-21,0.3
1767,2022-08-21,0.0
1768,2022-08-21,0.0
1769,2022-08-20,0.0
1770,2022-08-20,-0.4
1771,2022-08-20,0.5
1772,2022-08-20,0.0
1773,2022-08-20,-0.1
1774,2022-08-20,0.5
1775,2022-08-20,0.0
1776,2022-08-20,0.5
1777,2022-08-20,-0.39
1778,2022-08-19,0.0
1779,2022-08-19,0.0
1780,2022-08-19,0.5
1781,2022-08-19,0.0
1782,2022-08-19,0.5
1783,2022-08-19,0.0
1784,2022-08-19,0.0
1785,2022-08-19,-0.19444444444444445
1786,2022-08-19,0.0
1787,2022-08-19,0.0
1788,2022-08-19,-0.25
1789,2022-08-19,0.0
1790,2022-08-19,0.0
1791,2022-08-19,0.0
1792,2022-08-19,-1.0
1793,2022-08-19,0.0
1794,2022-08-19,0.0
1795,2022-08-19,0.1
1796,2022-08-19,0.16
1797,2022-08-19,0.0
1798,2022-08-19,0.25
1799,2022-08-19,0.0
1800,2022-08-19,0.0
1801,2022-08-19,0.0
1802,2022-08-19,-0.15555555555555559
1803,2022-08-19,0.5
1804,2022-08-19,0.0
1805,2022-08-18,0.5
1806,2022-08-18,0.125
1807,2022-08-18,-0.3333333333333333
1808,2022-07-28,-0.05
1809,2022-07-28,0.4333333333333333
1810,2022-07-28,0.0
1811,2022-07-28,0.35
1812,2022-07-28,0.0
1813,2022-07-28,0.0
1814,2022-07-28,0.5
1815,2022-07-28,0.0
1816,2022-07-28,0.5
1817,2022-07-28,0.0
1818,2022-07-28,0.0
1819,2022-07-28,0.0
1820,2022-07-28,0.0
1821,2022-07-28,0.0
1822,2022-07-28,0.0
1823,2022-07-28,-0.23333333333333328
1824,2022-07-28,0.5
1825,2022-07-28,0.0
1826,2022-07-28,-0.6
1827,2022-07-28,-0.15555555555555559
1828,2022-07-28,0.35714285714285715
1829,2022-07-28,0.0
1830,2022-07-28,-0.025
1831,2022-07-28,0.16666666666666669
1832,2022-07-28,0.0
1833,2022-07-27,0.0
1834,2022-07-27,0.4333333333333333
1835,2022-07-27,0.0
1836,2022-07-27,-0.4875
1837,2022-07-27,0.2666666666666667
1838,2022-07-27,0.0
1839,2022-07-27,0.0
1840,2022-07-27,0.0
1841,2022-07-27,0.0
1842,2022-07-27,0.0
1843,2022-07-27,0.0
1844,2022-07-27,-0.2
1845,2022-07-27,0.0
1846,2022-07-27,0.0
1847,2022-07-27,-0.6999999999999998
1848,2022-07-27,0.0
1849,2022-07-27,0.0
1850,2022-07-27,0.0
1851,2022-07-27,-0.25
1852,2022-07-27,0.0
1853,2022-07-27,0.03333333333333333
1854,2022-07-27,0.0
1855,2022-07-27,0.0
1856,2022-07-27,-0.6
1857,2022-07-27,0.0
1858,2022-07-27,0.35
1859,2022-07-27,0.5
1860,2022-07-27,0.2
1861,2022-07-27,0.0
1862,2022-07-27,0.0
1863,2022-07-27,0.0
1864,2022-07-27,0.0
1865,2022-07-27,0.0
1866,2022-07-27,0.0
1867,2022-07-27,0.0
1868,2022-07-27,1.0
1869,2022-07-27,0.5
1870,2022-07-27,0.0
1871,2022-07-27,0.0
1872,2022-07-27,-0.5
1873,2022-07-27,0.0
1874,2022-07-27,0.0
1875,2022-07-27,0.03333333333333333
1876,2022-07-27,0.0
1877,2022-07-27,0.0
1878,2022-07-27,0.0
1879,2022-07-27,-0.375
1880,2022-07-27,0.0
1881,2022-07-26,0.0
1882,2022-07-26,0.0
1883,2022-07-26,0.1
1884,2022-07-26,0.5
1885,2022-07-26,0.0
1886,2022-07-26,0.0
1887,2022-07-26,0.0
1888,2022-07-26,0.0
1889,2022-07-26,1.0
1890,2022-07-26,0.0
1891,2022-07-26,-0.23333333333333328
1892,2022-07-26,0.0
1893,2022-07-26,0.0
1894,2022-07-26,0.13636363636363635
1895,2022-07-26,0.0
1896,2022-07-26,-0.1
1897,2022-07-26,-0.18333333333333338
1898,2022-07-26,0.0
1899,2022-07-26,0.0
1900,2022-07-26,0.0
1901,2022-07-26,-0.0625
1902,2022-07-26,0.2
1903,2022-07-26,0.0
1904,2022-07-26,0.0
1905,2022-07-26,0.08333333333333333
1906,2022-07-26,0.6666666666666666
1907,2022-07-25,0.0
1908,2022-07-25,0.0
1909,2022-07-25,0.0
1910,2022-07-25,0.0
1911,2022-07-25,0.0
1912,2022-07-25,0.0
1913,2022-07-25,0.0
1914,2022-07-25,-0.1125
1915,2022-07-25,0.0
1916,2022-07-25,0.0
1917,2022-07-25,0.0
1918,2022-07-25,-0.2
1919,2022-07-25,0.1
1920,2022-07-25,0.0
1921,2022-07-25,-0.4
1922,2022-07-25,0.0
1923,2022-07-25,0.25
1924,2022-07-25,0.0
1925,2022-07-25,0.3
1926,2022-07-25,0.15
1927,2022-07-25,0.0
1928,2022-07-25,0.0
1929,2022-07-25,0.0
1930,2022-07-25,0.3666666666666667
1931,2022-07-25,0.0
1932,2022-07-25,0.0
1933,2022-07-25,0.0
1934,2022-07-25,0.0
1935,2022-07-25,0.0
1936,2022-07-25,0.0
1937,2022-07-25,0.13636363636363635
1938,2022-07-25,0.0
1939,2022-07-25,0.0
1940,2022-07-25,0.3
1941,2022-07-25,0.0
1942,2022-07-25,0.0
1943,2022-07-25,-0.16666666666666666
1944,2022-07-25,0.0
1945,2022-07-25,0.0
1946,2022-07-24,0.0
1947,2022-07-24,0.0
1948,2022-07-24,0.1
1949,2022-07-24,0.0
1950,2022-07-24,0.13636363636363635
1951,2022-07-24,0.3
1952,2022-07-24,0.21428571428571427
1953,2022-07-24,0.7
1954,2022-07-24,0.0
1955,2022-07-24,0.5952380952380952
1956,2022-07-24,-0.625
1957,2022-07-24,0.0
1958,2022-07-24,0.0
1959,2022-07-24,0.0625
1960,2022-07-24,0.0
1961,2022-07-24,0.7
1962,2022-07-23,0.0
1963,2022-07-23,0.0
1964,2022-07-23,-0.125
1965,2022-07-23,0.0
1966,2022-07-23,0.0
1967,2022-07-23,0.0
1968,2022-07-23,0.0
1969,2022-07-23,0.0
1970,2022-07-23,0.0
1971,2022-07-22,0.5
1972,2022-07-22,0.0
1973,2022-07-22,0.0
1974,2022-07-22,0.5
1975,2022-07-22,0.0
1976,2022-07-21,-0.5777777777777778
1977,2022-07-22,0.0
1978,2022-07-22,0.05
1979,2022-07-22,0.0
1980,2022-07-22,0.0
1981,2022-07-22,0.0
1982,2022-07-22,0.1
1983,2022-07-22,0.0
1984,2022-07-22,-0.15
1985,2022-07-22,0.0
1986,2022-07-22,0.0
1987,2022-07-22,0.25
1988,2022-07-22,0.0
1989,2022-07-22,0.0
1990,2022-07-22,0.3666666666666667
1991,2022-07-22,-0.25
1992,2022-07-22,0.0
1993,2022-07-22,0.0
1994,2022-07-22,0.4333333333333333
1995,2022-07-22,0.0
1996,2022-07-22,0.03333333333333333
1997,2022-07-22,0.0
1998,2022-07-22,1.0
1999,2022-07-22,-0.19444444444444448
2000,2022-07-22,0.0
2001,2022-07-22,0.0
2002,2022-07-22,1.0
2003,2022-07-22,1.0
2004,2022-07-22,0.0
2005,2022-07-22,0.0
2006,2022-07-22,0.0
2007,2022-06-28,0.0
2008,2022-06-28,0.0
2009,2022-06-28,0.275
2010,2022-06-28,-0.15000000000000002
2011,2022-06-28,0.0
2012,2022-06-28,-0.5
2013,2022-06-28,0.0
2014,2022-06-28,0.0
2015,2022-06-28,0.25
2016,2022-06-28,0.0
2017,2022-06-28,-0.05
2018,2022-06-28,0.0
2019,2022-06-28,0.0
2020,2022-06-28,-0.15555555555555559
2021,2022-06-28,0.13636363636363635
2022,2022-06-28,0.0
2023,2022-06-28,0.25
2024,2022-06-28,5.551115123125783e-17
2025,2022-06-28,0.0
2026,2022-06-14,0.0
2027,2022-06-28,0.16
2028,2022-06-28,-0.2
2029,2022-06-28,0.0
2030,2022-06-28,0.0
2031,2022-06-28,0.0
2032,2022-06-28,0.7000000000000001
2033,2022-06-28,0.0
2034,2022-06-28,0.0
2035,2022-06-28,0.0
2036,2022-06-28,0.0
2037,2022-06-28,-0.15555555555555559
2038,2022-06-28,0.0
2039,2022-06-28,0.3
2040,2022-06-28,0.0
2041,2022-06-28,-0.1
2042,2022-06-28,0.0
2043,2022-06-28,0.0
2044,2022-06-28,0.25
2045,2022-06-28,0.0
2046,2022-06-28,0.13636363636363635
2047,2022-06-28,0.0
2048,2022-06-28,0.0
2049,2022-06-28,1.0
2050,2022-06-27,-0.0625
2051,2022-06-27,0.24444444444444446
2052,2022-06-27,0.0
2053,2022-06-27,0.0
2054,2022-06-27,0.0
2055,2022-06-27,0.0
2056,2022-06-27,0.675
2057,2022-06-27,0.35
2058,2022-06-27,0.13636363636363635
2059,2022-06-27,0.0
2060,2022-06-27,0.0
2061,2022-06-27,0.0
2062,2022-06-27,0.45
2063,2022-06-27,0.21212121212121213
2064,2022-06-27,0.0
2065,2022-06-27,0.5
2066,2022-06-27,0.2857142857142857
2067,2022-06-27,0.0
2068,2022-06-27,0.0
2069,2022-06-27,0.0
2070,2022-06-27,0.0
2071,2022-06-27,0.0
2072,2022-06-27,0.0
2073,2022-06-27,0.0
2074,2022-06-27,0.0
2075,2022-06-27,0.5
2076,2022-06-27,0.0
2077,2022-06-27,0.0
2078,2022-06-27,0.0
2079,2022-06-27,0.25
2080,2022-06-27,0.0
2081,2022-06-27,0.0
2082,2022-06-27,0.0
2083,2022-06-27,0.0
2084,2022-06-27,-0.16666666666666666
2085,2022-06-27,0.25
2086,2022-06-27,0.375
2087,2022-06-27,0.1
2088,2022-06-27,0.0
2089,2022-06-26,-0.25
2090,2022-06-26,0.0
2091,2022-06-26,0.35
2092,2022-06-26,0.5
2093,2022-06-26,0.0
2094,2022-06-26,0.5
2095,2022-06-26,1.0
2096,2022-06-26,0.16
2097,2022-06-25,0.0
2098,2022-05-19,1.0
2099,2022-06-25,0.0
2100,2022-06-25,0.25
2101,2022-06-25,0.0
2102,2022-06-25,-0.3277777777777778
2103,2022-06-25,0.0
2104,2022-06-24,0.0
2105,2022-06-24,0.0
2106,2022-06-24,0.225
2107,2022-06-24,0.13636363636363635
2108,2022-06-24,0.225
2109,2022-06-24,0.4000000000000001
2110,2022-06-24,0.2
2111,2022-06-24,0.0
2112,2022-06-24,0.0
2113,2022-06-24,0.0
2114,2022-06-24,0.0
2115,2022-06-24,0.0
2116,2022-06-24,0.06818181818181818
2117,2022-06-24,0.0
2118,2022-06-24,0.3
2119,2022-06-24,0.0
2120,2022-06-24,0.0
2121,2022-06-24,0.0
2122,2022-06-24,0.0
2123,2022-06-24,0.0
2124,2022-06-24,0.0
2125,2022-06-24,0.0
2126,2022-06-24,0.4000000000000001
2127,2022-06-24,0.0
2128,2022-06-24,-0.39583333333333337
2129,2022-06-24,0.13636363636363635
2130,2022-06-24,0.0
2131,2022-06-24,0.7
2132,2022-06-24,0.0
2133,2022-06-24,0.0
2134,2022-06-24,0.5
2135,2022-06-24,0.0
2136,2022-06-24,-0.05
2137,2022-06-24,0.2857142857142857
2138,2022-06-24,0.0
2139,2022-06-24,0.25
2140,2022-06-24,0.0
2141,2022-06-24,0.0
2142,2022-06-24,0.0
2143,2022-06-24,0.0
2144,2022-06-24,0.0
2145,2022-06-23,0.0
2146,2022-06-23,0.55
2147,2022-06-23,0.0
2148,2022-06-23,0.0
2149,2022-06-23,0.03125
2150,2022-06-23,0.2857142857142857
2151,2022-06-23,0.0
2152,2022-06-23,0.0
2153,2022-06-23,0.13636363636363635
2154,2022-06-23,0.0
2155,2022-06-23,0.0
2156,2022-06-23,0.0
2157,2022-06-23,0.0
2158,2022-06-23,0.0
2159,2022-06-23,-0.125
2160,2022-06-23,0.25
2161,2022-06-23,-0.2
2162,2022-06-23,0.0
2163,2022-06-23,0.4375
2164,2022-06-23,0.0
2165,2022-06-23,0.0
2166,2022-06-23,0.7
2167,2022-06-23,0.10714285714285714
2168,2022-06-23,0.0
2169,2022-06-23,0.0
2170,2022-06-23,0.24444444444444446
2171,2022-06-23,-0.5
2172,2022-06-23,0.0
2173,2022-06-23,-0.051851851851851864
2174,2022-06-23,0.0
2175,2022-06-23,0.5
2176,2022-06-23,0.0
2177,2022-06-23,0.25
2178,2022-06-23,0.0
2179,2022-06-23,0.1875
2180,2022-06-23,0.5
2181,2022-06-23,0.0
2182,2022-06-23,0.2857142857142857
2183,2022-06-23,0.16
2184,2022-06-23,0.0
2185,2022-06-23,0.0
2186,2022-06-22,-0.06666666666666667
2187,2022-06-22,0.5
2188,2022-06-22,0.0
2189,2022-06-22,0.0
2190,2022-06-22,0.0
2191,2022-06-22,0.2
2192,2022-06-22,0.5
2193,2022-06-22,0.5
2194,2022-06-22,0.45
2195,2022-06-22,0.0
2196,2022-06-22,0.7
2197,2022-06-22,0.0
2198,2022-06-22,0.2857142857142857
2199,2022-06-22,0.2375
2200,2022-06-22,0.25
2201,2022-06-22,0.0
2202,2022-06-22,0.0
2203,2022-06-22,0.2
2204,2022-06-22,0.0
2205,2022-06-22,0.0
2206,2022-06-22,-0.2
2207,2022-06-22,0.0
2208,2022-06-22,0.39285714285714285
2209,2022-06-22,0.0
2210,2022-06-22,0.0
2211,2022-06-22,0.0
2212,2022-06-22,0.2
2213,2022-06-22,0.25
2214,2022-06-22,0.0
2215,2022-06-22,0.0
2216,2022-06-22,0.0
2217,2022-06-22,0.0
2218,2022-06-22,0.0
2219,2022-06-22,0.0
2220,2022-06-22,0.0
2221,2022-06-22,0.21428571428571427
2222,2022-06-22,0.0
2223,2022-06-22,0.5
2224,2022-06-21,-0.125
2225,2022-06-21,0.8
2226,2022-06-21,0.0
2227,2022-06-21,0.5
2228,2022-06-21,0.0625
2229,2022-06-21,1.0
2230,2022-06-21,0.20000000000000004
2231,2022-06-21,0.4333333333333333
